Service,N_Runs,Mean_Duration_Sec,Stdev_Duration_Sec,Min_Duration_Sec,Max_Duration_Sec,On_Critical_Chain,Mean_Chain_Order
tailscaled.service,10,0.8922,0.0156,0.873,0.914,True,1
NetworkManager.service,10,1.8953,0.0183,1.859,1.914,True,2
dbus.service,10,0.2295,0.0117,0.214,0.247,True,3
cloud-init-network.service,10,0.3296,0.0025,0.326,0.334,True,8
cloud-init-local.service,10,0.4164,0.0053,0.41,0.425,True,9
cloud-init-main.service,10,1.5784,0.0202,1.552,1.606,True,10
boot-firmware.mount,10,0.0436,0.0072,0.035,0.058,True,11
systemd-fsck@dev-disk-by-partuuid-752c70b4-01.service,10,0.5651,0.019,0.546,0.602,True,12
NetworkManager-wait-online.service,10,6.2107,0.7018,5.988,8.208,False,
dev-mmcblk0p2.device,10,0.9485,0.0275,0.905,0.999,False,
e2scrub_reap.service,10,0.9381,0.0153,0.914,0.968,False,
rpi-eeprom-update.service,10,0.7432,0.0148,0.709,0.76,False,
user@1000.service,10,0.3769,0.0209,0.334,0.401,False,
systemd-udev-trigger.service,10,0.2762,0.0259,0.25,0.318,False,
avahi-daemon.service,10,0.2625,0.0117,0.243,0.278,False,
bluetooth.service,10,0.2614,0.0111,0.248,0.273,False,
rpi-resize-swap-file.service,10,0.2561,0.0045,0.249,0.264,False,
keyboard-setup.service,10,0.2363,0.0159,0.203,0.263,False,
ssh.service,10,0.2183,0.0104,0.199,0.23,False,
systemd-udevd.service,10,0.1987,0.0081,0.185,0.213,False,
cloud-final.service,10,0.1915,0.0095,0.18,0.215,False,
systemd-fsck-root.service,10,0.1815,0.0147,0.159,0.201,False,
systemd-zram-setup@zram0.service,10,0.18,0.0237,0.138,0.217,False,
wpa_supplicant.service,10,0.1745,0.0043,0.166,0.182,False,
systemd-journald.service,10,0.1716,0.0149,0.15,0.196,False,
cloud-config.service,10,0.1595,0.0082,0.153,0.179,False,
rpi-setup-loop@var-swap.service,10,0.1559,0.0177,0.127,0.171,False,
sshswitch.service,10,0.1461,0.0073,0.135,0.157,False,
systemd-binfmt.service,10,0.1454,0.0203,0.103,0.176,False,
dev-zram0.swap,10,0.1441,0.1217,0.04,0.318,False,
systemd-logind.service,10,0.1424,0.0066,0.131,0.154,False,
systemd-timesyncd.service,10,0.1326,0.0067,0.122,0.144,False,
systemd-hostnamed.service,10,0.1296,0.0083,0.114,0.141,False,
modprobe@drm.service,10,0.1264,0.0174,0.096,0.152,False,
dev-mqueue.mount,10,0.1254,0.0123,0.105,0.139,False,
sys-kernel-debug.mount,10,0.1246,0.0145,0.104,0.149,False,
run-lock.mount,10,0.1242,0.0125,0.104,0.137,False,
systemd-remount-fs.service,10,0.1221,0.0177,0.097,0.152,False,
systemd-udev-load-credentials.service,10,0.1169,0.0114,0.098,0.131,False,
kmod-static-nodes.service,10,0.1144,0.0148,0.095,0.143,False,
systemd-modules-load.service,10,0.1108,0.021,0.088,0.161,False,
modprobe@configfs.service,10,0.1078,0.0142,0.089,0.139,False,
systemd-tmpfiles-setup-dev-early.service,10,0.1012,0.015,0.081,0.123,False,
systemd-tmpfiles-setup.service,10,0.0954,0.0114,0.083,0.12,False,
modprobe@fuse.service,10,0.0889,0.0178,0.062,0.121,False,
systemd-sysctl.service,10,0.079,0.011,0.061,0.1,False,
systemd-random-seed.service,10,0.0761,0.0116,0.065,0.098,False,
proc-sys-fs-binfmt_misc.mount,10,0.071,0.0188,0.05,0.11,False,
systemd-rfkill.service,10,0.0661,0.0106,0.046,0.081,False,
systemd-journal-flush.service,10,0.0609,0.0081,0.051,0.077,False,
NetworkManager-dispatcher.service,1,0.059,0.0,0.059,0.059,False,
systemd-user-sessions.service,10,0.0562,0.0042,0.051,0.062,False,
systemd-tmpfiles-setup-dev.service,10,0.0509,0.0057,0.045,0.062,False,
sys-fs-fuse-connections.mount,10,0.0498,0.0178,0.025,0.079,False,
sys-kernel-config.mount,10,0.048,0.0147,0.028,0.076,False,
console-setup.service,10,0.0416,0.0084,0.028,0.051,False,
tmp.mount,10,0.0415,0.0102,0.029,0.057,False,
user-runtime-dir@1000.service,10,0.0324,0.0018,0.03,0.035,False,
modprobe@efi_pstore.service,10,0.0304,0.01,0.021,0.048,False,
