Iteration,Order,Service,Offset_Sec,Own_Duration_Sec
1,0,multi-user.target,8.345,0.0
1,1,tailscaled.service,7.439,0.904
1,2,NetworkManager.service,5.529,1.895
1,3,dbus.service,5.302,0.219
1,4,basic.target,5.288,0.0
1,5,sockets.target,5.288,0.0
1,6,systemd-hostnamed.socket,5.288,0.0
1,7,sysinit.target,5.281,0.0
1,8,cloud-init-network.service,4.953,0.327
1,9,cloud-init-local.service,4.538,0.412
1,10,cloud-init-main.service,2.947,1.588
1,11,boot-firmware.mount,2.9,0.04
1,12,systemd-fsck@dev-disk-by-partuuid-752c70b4-01.service,2.348,0.549
1,13,dev-disk-by-partuuid-752c70b4-01.device,2.345,0.0
2,0,multi-user.target,8.285,0.0
2,1,tailscaled.service,7.396,0.887
2,2,NetworkManager.service,5.493,1.859
2,3,dbus.service,5.268,0.217
2,4,basic.target,5.254,0.0
2,5,sockets.target,5.254,0.0
2,6,systemd-hostnamed.socket,5.254,0.0
2,7,sysinit.target,5.247,0.0
2,8,cloud-init-network.service,4.92,0.326
2,9,cloud-init-local.service,4.492,0.425
2,10,cloud-init-main.service,2.937,1.552
2,11,boot-firmware.mount,2.887,0.043
2,12,systemd-fsck@dev-disk-by-partuuid-752c70b4-01.service,2.307,0.576
2,13,dev-disk-by-partuuid-752c70b4-01.device,2.297,0.0
3,0,multi-user.target,8.366,0.0
3,1,tailscaled.service,7.45,0.914
3,2,NetworkManager.service,5.55,1.882
3,3,dbus.service,5.318,0.224
3,4,basic.target,5.3,0.0
3,5,sockets.target,5.3,0.0
3,6,systemd-hostnamed.socket,5.3,0.0
3,7,sysinit.target,5.293,0.0
3,8,cloud-init-network.service,4.957,0.334
3,9,cloud-init-local.service,4.542,0.412
3,10,cloud-init-main.service,2.948,1.591
3,11,boot-firmware.mount,2.894,0.047
3,12,systemd-fsck@dev-disk-by-partuuid-752c70b4-01.service,2.33,0.561
3,13,dev-disk-by-partuuid-752c70b4-01.device,2.322,0.0
4,0,multi-user.target,8.46,0.0
4,1,tailscaled.service,7.546,0.912
4,2,NetworkManager.service,5.62,1.903
4,3,dbus.service,5.389,0.224
4,4,basic.target,5.375,0.0
4,5,sockets.target,5.375,0.0
4,6,systemd-hostnamed.socket,5.375,0.0
4,7,sysinit.target,5.368,0.0
4,8,cloud-init-network.service,5.034,0.333
4,9,cloud-init-local.service,4.617,0.414
4,10,cloud-init-main.service,3.06,1.554
4,11,boot-firmware.mount,2.994,0.058
4,12,systemd-fsck@dev-disk-by-partuuid-752c70b4-01.service,2.4,0.59
4,13,dev-disk-by-partuuid-752c70b4-01.device,2.39,0.0
5,0,multi-user.target,8.366,0.0
5,1,tailscaled.service,7.49,0.874
5,2,NetworkManager.service,5.594,1.875
5,3,dbus.service,5.341,0.245
5,4,basic.target,5.327,0.0
5,5,sockets.target,5.327,0.0
5,6,systemd-hostnamed.socket,5.327,0.0
5,7,sysinit.target,5.32,0.0
5,8,cloud-init-network.service,4.99,0.328
5,9,cloud-init-local.service,4.568,0.419
5,10,cloud-init-main.service,2.958,1.606
5,11,boot-firmware.mount,2.9,0.052
5,12,systemd-fsck@dev-disk-by-partuuid-752c70b4-01.service,2.348,0.548
5,13,dev-disk-by-partuuid-752c70b4-01.device,2.337,0.0
6,0,multi-user.target,8.377,0.0
6,1,tailscaled.service,7.496,0.879
6,2,NetworkManager.service,5.557,1.905
6,3,dbus.service,5.311,0.237
6,4,basic.target,5.297,0.0
6,5,sockets.target,5.297,0.0
6,6,systemd-hostnamed.socket,5.297,0.0
6,7,sysinit.target,5.29,0.0
6,8,cloud-init-network.service,4.96,0.328
6,9,cloud-init-local.service,4.541,0.416
6,10,cloud-init-main.service,2.982,1.557
6,11,boot-firmware.mount,2.937,0.038
6,12,systemd-fsck@dev-disk-by-partuuid-752c70b4-01.service,2.331,0.602
6,13,dev-disk-by-partuuid-752c70b4-01.device,2.318,0.0
7,0,multi-user.target,8.377,0.0
7,1,tailscaled.service,7.489,0.886
7,2,NetworkManager.service,5.553,1.914
7,3,dbus.service,5.309,0.237
7,4,basic.target,5.295,0.0
7,5,sockets.target,5.295,0.0
7,6,systemd-hostnamed.socket,5.295,0.0
7,7,sysinit.target,5.288,0.0
7,8,cloud-init-network.service,4.956,0.33
7,9,cloud-init-local.service,4.531,0.423
7,10,cloud-init-main.service,2.94,1.588
7,11,boot-firmware.mount,2.898,0.036
7,12,systemd-fsck@dev-disk-by-partuuid-752c70b4-01.service,2.342,0.553
7,13,dev-disk-by-partuuid-752c70b4-01.device,2.33,0.0
8,0,multi-user.target,8.372,0.0
8,1,tailscaled.service,7.464,0.907
8,2,NetworkManager.service,5.548,1.895
8,3,dbus.service,5.31,0.231
8,4,basic.target,5.29,0.0
8,5,sockets.target,5.29,0.0
8,6,systemd-hostnamed.socket,5.29,0.0
8,7,sysinit.target,5.283,0.0
8,8,cloud-init-network.service,4.951,0.331
8,9,cloud-init-local.service,4.526,0.421
8,10,cloud-init-main.service,2.96,1.563
8,11,boot-firmware.mount,2.91,0.043
8,12,systemd-fsck@dev-disk-by-partuuid-752c70b4-01.service,2.35,0.557
8,13,dev-disk-by-partuuid-752c70b4-01.device,2.346,0.0
9,0,multi-user.target,8.319,0.0
9,1,tailscaled.service,7.444,0.873
9,2,NetworkManager.service,5.512,1.912
9,3,dbus.service,5.289,0.214
9,4,basic.target,5.276,0.0
9,5,sockets.target,5.276,0.0
9,6,systemd-hostnamed.socket,5.275,0.0
9,7,sysinit.target,5.268,0.0
9,8,cloud-init-network.service,4.938,0.329
9,9,cloud-init-local.service,4.525,0.41
9,10,cloud-init-main.service,2.92,1.602
9,11,boot-firmware.mount,2.879,0.035
9,12,systemd-fsck@dev-disk-by-partuuid-752c70b4-01.service,2.306,0.569
9,13,dev-disk-by-partuuid-752c70b4-01.device,2.296,0.0
10,0,multi-user.target,8.366,0.0
10,1,tailscaled.service,7.479,0.886
10,2,NetworkManager.service,5.543,1.913
10,3,dbus.service,5.289,0.247
10,4,basic.target,5.275,0.0
10,5,sockets.target,5.275,0.0
10,6,systemd-hostnamed.socket,5.275,0.0
10,7,sysinit.target,5.268,0.0
10,8,cloud-init-network.service,4.937,0.33
10,9,cloud-init-local.service,4.522,0.412
10,10,cloud-init-main.service,2.936,1.583
10,11,boot-firmware.mount,2.885,0.044
10,12,systemd-fsck@dev-disk-by-partuuid-752c70b4-01.service,2.336,0.546
10,13,dev-disk-by-partuuid-752c70b4-01.device,2.312,0.0
