name,n_runs,mean_duration_us,stdev_duration_us,min_duration_us,max_duration_us
init_kprobe_trace,10,399472.3,3508.21,397405,407869
bcmgenet_driver_init,10,199340.9,3401.76,195425,204379
xhci_pci_init,10,125752.5,600.72,124476,126874
brcm_pcie_driver_init,10,114180.3,1444.12,113234,117909
deferred_probe_initcall,10,67910.8,1375.89,65487,69612
vchiq_driver_init,10,23112,12304.09,7925,36874
rpi_power_driver_init,10,18386.3,249.78,18248,19090
raspberrypi_clk_driver_init,10,15915.1,773.53,15523,17384
param_sysfs_builtin_init,10,9948.1,141.47,9713,10104
simplefb_driver_init,10,6904.3,81.12,6761,7055
brd_init,10,5072.3,54.14,4990,5172
clk_disable_unused,10,4844.3,44.33,4793,4951
dwc_otg_driver_init,10,4556.7,51.65,4479,4677
slab_sysfs_init,10,3954.8,43.14,3899,4041
inet_init,10,3853.1,65.34,3739,3953
rpi_otp_driver_init,10,3831,41.2,3773,3880
loop_init,10,3780.9,22.59,3750,3821
kvm_arm_init,10,3630.1,65.9,3523,3723
armv8_pmu_driver_init,10,3143.4,114.55,3024,3351
chr_dev_init,10,3065.7,38.39,3013,3109
raspberrypi_cpufreq_driver_init,10,3023.3,42.91,2957,3115
genhd_device_init,10,2800,1932.18,0,4000
sdhci_drv_init,10,2524.7,734.39,2245,4610
memory_tier_late_init,10,2323.6,16.0,2295,2358
fscrypt_init,10,2296.7,37.86,2248,2394
iproc_rng200_driver_init,10,2288.8,38.05,2242,2375
of_cfs_init,10,2140,36.12,2108,2229
gpio_led_driver_init,10,1753.2,21.52,1708,1786
vcio_driver_init,10,1464.2,33.62,1430,1536
sdhci_pltfm_drv_init,10,1458.8,506.84,1172,2437
iscsi_transport_init,10,1440.5,20.43,1403,1461
bcm2711_thermal_driver_init,10,1407.4,17.63,1383,1431
bcm2835_mmc_driver_init,10,1348.4,358.86,1188,2362
bcm2835_pm_driver_init,10,1340.1,17.52,1319,1383
dwc_common_port_init_module,10,1250.7,31.68,1202,1295
vc_mem_init,10,1234,26.39,1197,1302
taskstats_init,10,1213.8,102.45,1133,1473
smsc95xx_driver_init,10,1210.6,28.08,1165,1278
mousedev_init,10,1209.5,20.84,1171,1252
uas_init,10,1209.4,15.4,1188,1245
lan78xx_driver_init,10,1206.9,28.85,1169,1277
register_cpu_capacity_sysctl,10,1200,1932.18,0,4000
watchdog_init,10,1200,1932.18,0,4000
genpd_power_off_unused,10,1136.9,30.79,1082,1195
usb_storage_driver_init,10,1119.4,15.54,1091,1154
load_system_certificate_list,10,1114.4,11.58,1102,1144
packet_init,10,1112.3,19.5,1092,1162
init_dns_resolver,10,1095.7,23.17,1057,1147
rpi_reset_driver_init,10,1069.8,27.92,1030,1131
init_kgdboc,10,1038.8,21.33,994,1084
bcm2835_pinctrl_driver_init,10,930.8,47.45,853,1032
simple_pm_bus_driver_init,10,534,56.97,489,636
rpi_exp_gpio_driver_init,10,443.2,37.28,383,492
clk_debug_init,10,416.8,8.07,404,426
init_sunrpc,10,379.1,30.63,345,446
genpd_debug_init,10,334.7,11.29,322,350
brcmstb_l2_driver_init,10,282.8,23.78,267,348
sched_init_debug,10,270.6,339.44,79,1031
nvme_core_init,10,262.1,15.29,239,287
cacheinfo_sysfs_init,10,244.8,4.52,238,250
kswapd_init,10,186.8,11.09,178,215
dquot_init,10,172.6,3.84,166,178
actpwr_trig_init,10,163,15.97,146,189
fixed_mdio_bus_init,10,155.1,1.52,153,157
dwc2_platform_driver_init,10,152.2,1.32,151,155
clk_dvp_driver_init,10,143.2,3.05,138,149
init_nfs_fs,10,142.8,7.35,134,158
cpu_latency_qos_init,10,139.2,18.36,110,160
init_f2fs_fs,10,126.5,4.53,121,135
unimac_mdio_driver_init,10,126.2,2.53,122,130
xhci_plat_init,10,121.8,2.15,118,125
macb_driver_init,10,121.6,1.9,118,125
phy_module_init,50,120.3,67.43,17,186
clockevents_init_sysfs,10,118,20.3,107,175
init_rc_map_pine64,10,110.5,349.43,0,1105
sdhci_iproc_driver_init,10,105,16.75,76,131
tk_debug_sleep_time_init,10,102.3,238.44,2,773
of_platform_serial_driver_init,10,100.9,2.33,99,106
kernel_rcu_stall_sysfs_init,10,99.6,274.7,3,879
init_autofs_fs,10,95.1,4.12,88,101
cpuinfo_regs_init,10,94.7,6.65,87,107
perf_event_sysfs_init,10,93.6,4.17,87,99
bpf_global_ma_init,10,90.3,6.99,81,103
pty_init,10,89.4,6.48,80,105
gicv5_iwb_platform_driver_init,10,89.2,3.16,85,94
bcm74110_mbox_driver_init,10,89,16.8,79,135
reset_simple_driver_init,10,88.2,5.03,84,99
add_default_cma_heap,10,87.9,3.9,83,96
swiotlb_create_default_debugfs,10,87.8,226.42,8,732
sched_dl_sysctl_init,10,87.7,245.14,2,784
gpio_poweroff_driver_init,10,86.1,16.54,75,131
mmc_pwrseq_simple_driver_init,10,84.6,20.16,68,120
bcmasp_driver_init,10,82.1,2.23,79,85
system_heap_create,10,81.6,4.84,75,91
ext4_init_fs,10,77.3,2.11,75,81
throtl_init,10,76.7,7.97,69,95
irq_debugfs_init,10,76.2,6.37,71,92
binder_init,10,76,33.02,55,168
bcm2835_thermal_driver_init,10,75,57.66,55,239
sysctl_ipv4_init,10,72.2,3.91,69,82
brcmstb_usb_pinmap_init,10,71.9,2.18,70,77
bpf_prog_iter_init,10,71.9,112.2,0,236
init_rc_map_x96max,10,68.5,110.3,0,231
brcm_usb_driver_init,10,68.4,3.2,65,75
sdhci_brcmstb_driver_init,10,68.2,5.33,62,78
bcm2835_aux_clk_driver_init,10,66,2.91,64,74
init_rc_map_behold,10,64.9,140.1,0,406
bcm2835_rng_driver_init,10,64.7,1.89,62,68
init_trace_printk_function_export,10,64.1,23.71,31,99
ttyprintk_init,10,64,4.4,58,73
bcm2708_fb_init,10,63.3,2.83,61,68
ledtrig_cpu_init,10,62.6,13.12,53,95
topology_sysfs_init,10,62.6,1.58,60,65
dwc3_of_simple_driver_init,10,62.5,2.46,61,67
init_clocksource_sysfs,10,61.1,7.03,58,81
bcm2712_pinctrl_driver_init,10,60.6,2.07,57,64
brcmuart_init,10,58.6,4.4,55,68
pcie_portdrv_init,10,57.5,7.79,51,78
alarmtimer_init,10,56.9,0.99,56,59
mmc_blk_init,10,56.8,60.85,32,229
dwc3_driver_init,10,56.7,3.02,53,63
secretmem_init,10,54.2,9.14,50,80
led_pwm_driver_init,10,54.2,16.84,43,101
hid_init,20,53.75,14.03,36,75
bcm2835_driver_init,10,51.1,7.13,42,63
mmc_pwrseq_emmc_driver_init,10,50.6,9.67,39,67
dw_driver_init,10,50,1.05,48,52
aio_setup,10,48.8,10.98,37,63
percpu_counter_startup,10,48.6,9.47,42,75
hwrng_modinit,10,47.5,2.27,44,51
bdc_driver_init,10,47.4,2.12,46,51
brcmstb_waketmr_driver_init,10,47.2,1.55,46,51
udmabuf_dev_init,10,47.1,6.92,40,60
bcm2835aux_serial_driver_init,10,45.4,1.9,43,49
gpio_clk_driver_init,10,44.3,1.77,43,49
brcmstb_reset_driver_init,10,43.4,0.97,42,45
brcmvirt_gpio_driver_init,10,43.3,10.66,37,69
init_rc_map_winfast_usbii_deluxe,10,42.9,90.86,0,233
bcm2712_iommu_driver_init,10,42.7,2.16,41,48
dwc3_generic_driver_init,10,42.3,2.67,40,48
sched_fair_sysctl_init,10,42.2,113.31,1,363
brcm_avs_cpufreq_platdrv_init,10,41.9,1.85,40,46
sched_core_sysctl_init,10,41.8,79.09,4,209
arch_timer_mmio_drv_init,10,41.7,10.67,37,72
rpi_rtc_driver_init,10,40.7,1.57,40,45
of_fixed_factor_clk_driver_init,10,40.4,3.34,38,47
bcm2712_iommu_cache_driver_init,10,40.2,1.14,39,43
bcm7120_l2_driver_init,10,40,1.25,39,43
brcmstb_pwm_driver_init,10,39.8,2.9,37,47
brcm_rescal_reset_driver_init,10,39.3,0.95,38,41
bcm74110_rng_driver_init,10,38.7,0.48,38,39
init_rc_map_cinergy_1400,10,37.8,119.53,0,378
init_rc_map_pixelview,30,37.17,201.69,0,1105
init_mqueue_fs,10,36.6,2.01,34,41
mip_msi_driver_init,10,36.6,1.9,35,40
rp1_sdio_clk_driver_init,10,36.4,2.07,35,40
rp1_clk_driver_init,10,36.3,2.06,35,41
brcmstb_gpio_driver_init,10,36,1.25,35,38
rp1_pwm_driver_init,10,35.8,1.03,35,38
of_fixed_clk_driver_init,10,35.3,2.45,34,42
bcm7038_l1_driver_init,10,35.1,0.99,34,37
gated_fixed_clk_driver_init,10,34.8,0.42,34,35
init_rc_map_dvico_portable,10,34.6,72.94,0,174
hid_generic_init,10,34.5,2.32,31,37
defon_led_trigger_init,10,34.3,2.58,32,40
amba_stub_drv_init,10,34.1,14.87,24,62
rp1_pinctrl_driver_init,10,33.7,0.48,33,34
sched_rt_sysctl_init,10,33.7,95.68,3,306
init_root_keyring,10,32.5,2.22,31,38
init_nfs_v4,10,32.2,1.14,31,34
handshake_init,10,31.8,2.1,29,35
sock_diag_init,10,31.4,5.56,23,37
latency_fsnotify_init,10,30.5,7.21,18,41
sysctl_core_init,10,30.4,2.27,28,35
init_nlm,10,30.4,5.89,27,47
init_rc_map_digitalnow_tinytwin,10,30.2,30.19,0,85
serial_pci_driver_init,10,29.4,2.07,26,33
nvme_init,10,29.3,3.62,25,37
rp1_driver_init,10,28.8,2.49,27,33
exar_pci_driver_init,10,28.3,2.26,26,32
of_fdt_raw_init,10,28.2,1.14,26,30
iomap_ioend_init,10,28.1,2.08,26,32
smccc_trng_driver_init,10,27.8,1.75,26,32
bcm2835_wdt_driver_init,10,27.5,1.84,26,31
task_iter_init,10,27.2,74.46,0,238
dt_cpufreq_platdrv_init,10,26.7,0.95,26,29
cpuhp_sysfs_init,10,26.3,2.75,23,30
dwc3_haps_driver_init,10,26,2.4,23,30
reboot_ksysfs_init,10,25.6,13.89,20,65
printk_late_init,10,25.4,21.42,14,85
arch_timer_mmio_acpi_drv_init,10,25.3,2.91,23,33
iomap_dio_init,10,24.4,0.7,23,25
init_rc_map_dm1105_nec,10,24.4,31.97,0,96
bcm2835_power_driver_init,10,23.6,1.58,22,26
init_sd,10,23.4,1.96,21,26
debugfs_kprobe_init,10,22.9,17.08,8,64
af_unix_init,10,22.3,2.16,20,27
pid_namespaces_init,10,22.2,1.14,20,24
io_uring_init,10,21.6,1.65,19,24
stack_trace_init,10,21,6.32,12,27
init_rc_map_digittrade,10,21,42.72,0,104
mempolicy_sysfs_init,10,21,6.8,16,39
bfq_init,10,20.9,0.99,20,23
pericom8250_pci_driver_init,10,19.9,1.2,18,21
init_rpcsec_gss,10,19.4,2.01,16,22
blackhole_netdev_init,10,19.2,2.78,17,24
init_pipe_fs,10,19.1,7.89,13,37
ipc_sysctl_init,10,18.7,1.06,17,20
init_lru_gen,10,18.6,2.41,16,24
bpf_init,10,18.5,2.27,14,21
mg_debugfs_init,10,18.5,2.88,16,24
eventpoll_init,10,18.3,1.49,16,20
journal_init,10,17.4,7.69,14,39
blkdev_init,10,16.6,5.64,13,32
bpf_link_iter_init,10,16.4,51.86,0,164
bsg_init,10,16.3,0.67,15,17
integrity_fs_init,10,16.2,9.6,8,30
init_fs_stat_sysctls,10,16,4.62,12,24
stmpe_i2c_driver_init,10,15.9,2.08,14,21
inotify_user_setup,10,15.7,0.67,14,16
dnotify_init,10,15.4,1.84,14,19
system_trusted_keyring_init,10,15.3,1.06,14,17
init_blk_tracer,10,15.2,1.4,14,18
stmpe_spi_driver_init,10,14.7,2.5,12,18
bpf_ksym_iter_register,10,14.4,27.74,0,85
init_dynamic_event,10,14.1,7.23,7,28
xhci_hcd_init,10,14,1.25,13,17
init_rc_map_delock_61959,10,14,30.35,0,85
of_platform_sync_state_init,10,13.9,0.74,13,15
sysrq_init,10,13.6,0.97,13,16
random_sysctls_init,10,13.6,1.51,12,16
clocksource_done_booting,10,13.4,0.7,12,14
ipc_init,10,13.4,1.26,11,15
kernel_panic_sysctls_init,10,12.9,2.56,11,20
phy_core_init,10,12.8,2.39,10,18
anon_inode_init,10,12.6,2.91,10,18
bpf_mptcp_kfunc_init,10,12.6,19.25,0,43
pci_sysfs_init,10,12.3,0.67,12,14
extfrag_debug_init,10,12.2,6.56,6,21
kdb_ftrace_register,10,12.1,5.59,8,27
pstore_init,10,11.9,1.52,10,14
trace_eval_sync,10,11.6,2.01,10,17
pci_apply_final_quirks,10,11.5,0.71,10,12
fb_logo_late_init,10,11.3,14.97,0,37
init_rc_map_dntv_live_dvbt_pro,10,10.5,31.11,0,99
kernel_acct_sysctls_init,10,10.5,14.17,3,50
devcoredump_init,10,10.1,2.69,8,16
ftrace_sysctl_init,10,10.1,15.27,2,47
cgroup_writeback_init,10,10,1.49,8,13
kernel_delayacct_sysctls_init,10,9.7,11.63,4,42
ip_auto_config,10,9.7,1.34,8,13
fanotify_user_setup,10,9.5,1.35,8,12
memblock_init_debugfs,10,9.4,5.95,5,18
timer_sysctl_init,10,9.3,0.67,8,10
cpumask_kfunc_init,10,9.3,4.27,6,21
tracer_init_tracefs,10,9.2,1.32,8,12
crypto_algapi_init,10,8.9,0.88,8,11
extcon_class_init,10,8.8,1.03,7,11
pci_proc_init,10,8.6,1.51,7,12
depot_debugfs_init,10,8.5,4.09,6,19
init_rc_map_iodata_bctv7e,10,8.4,26.56,0,84
init_rc_map_kworld_315u,10,8.4,26.56,0,84
workingset_init,10,8.3,0.48,8,9
inet_blackhole_dev_init,10,8.2,2.25,6,13
init_fs_coredump_sysctls,10,8,0.94,7,10
init_devpts_fs,10,8,0.82,7,10
init_graph_tracefs,10,7.9,9.37,2,23
init_fs_dcache_sysctls,10,7.6,1.71,6,12
init_rc_map_npgtech,10,7.6,24.03,0,76
register_warn_debugfs,10,7.3,8.9,3,32
init_rc_map,60,7.12,19.39,0,101
bpf_kfunc_init,10,6.8,8.93,1,26
populate_rootfs,10,6.6,0.52,6,7
nfs4flexfilelayout_init,10,6.2,0.42,6,7
utsname_sysctl_init,10,6,0.47,5,7
nfs4filelayout_init,10,5.9,0.32,5,6
init_kerberos_module,10,5.8,2.78,4,13
kernel_do_mounts_initrd_sysctls_init,10,5.8,1.69,4,9
bpf_syscall_sysctl_init,10,5.8,1.99,4,11
proc_locks_init,10,5.6,1.07,4,8
deadline_init,10,5.6,0.52,5,6
start_dirtytime_writeback,10,5.4,0.97,5,8
pci_resource_alignment_sysfs_init,10,5.4,1.07,4,8
late_trace_init,10,5.3,11.18,0,27
init_fs_namei_sysctls,10,5.2,4.57,2,16
mbcache_init,10,5.2,0.42,5,6
kernel_panic_sysfs_init,10,5.2,1.81,4,10
slab_debugfs_init,10,5.1,1.1,4,8
init_fat_fs,10,5.1,0.32,5,6
asymmetric_key_init,10,5.1,0.32,5,6
x509_key_init,10,5.1,0.32,5,6
kyber_init,10,5,0.0,5,5
seccomp_sysctl_init,10,4.9,1.1,4,7
bpf_tcp_ca_kfunc_init,10,4.8,13.51,0,43
netkit_init,10,4.7,0.48,4,5
init_rc_map_dntv_live_dvb_t,10,4.6,13.86,0,44
audit_classes_init,10,4.5,1.58,3,7
proc_execdomains_init,10,3.9,0.74,3,5
init_rc_map_ct_90405,10,3.9,12.33,0,39
init_rc_map_wetek_play2,10,3.8,12.02,0,38
proc_cmdline_init,10,3.7,1.83,2,6
ioresources_init,10,3.6,1.07,3,6
crypto_sha256_mod_init,10,3.6,0.52,3,4
init_lstats_procfs,10,3.4,0.52,3,4
dcbnl_init,10,3.1,1.45,2,7
kernel_exit_sysctls_init,10,3.1,2.08,2,7
key_proc_init,10,2.9,0.88,2,5
audit_tree_init,10,2.8,1.23,2,5
fault_around_debugfs,10,2.8,0.42,2,3
tcp_bpf_v4_build_proto,10,2.8,3.01,1,9
bpf_rstat_kfunc_init,10,2.7,4.0,1,14
vmstat_late_init,10,2.7,1.57,2,7
init_trampolines,10,2.6,0.52,2,3
fcntl_init,10,2.5,0.53,2,3
sync_state_resume_initcall,10,2.5,4.06,1,14
slab_proc_init,10,2.4,0.7,2,4
dh_init,10,2.4,0.52,2,3
heartbeat_trig_init,10,2.3,0.48,2,3
cubictcp_register,10,2.3,0.48,2,3
init_profile_hash,10,2.3,3.71,0,8
init_grace,10,2.2,0.42,2,3
init_rc_map_terratec_cinergy_xs,10,2.1,4.43,0,11
zswap_init,10,2.1,6.64,0,21
backing_aio_init,10,2,0.0,2,2
init_vm_drop_caches_sysctls,10,2,0.0,2,2
proc_page_init,10,2,0.0,2,2
proc_genhd_init,10,2,0.0,2,2
btree_module_init,10,2,0.0,2,2
kernel_exit_sysfs_init,10,2,0.0,2,2
proc_modules_init,10,1.9,1.29,1,5
init_subsystem,20,1.85,4.25,0,16
init_srcu_module_notifier,10,1.8,0.42,1,2
proc_uptime_init,10,1.7,1.42,0,4
blackhole_init,10,1.7,1.89,1,7
regulator_init_complete,10,1.7,0.48,1,2
init_rc_map_dtt200u,10,1.6,5.06,0,16
ipv6_offload_init,10,1.5,0.53,1,2
kallsyms_init,10,1.5,0.53,1,2
init_timer_list_procfs,10,1.4,0.7,1,3
init_tracepoints,10,1.4,0.52,1,2
efi_shutdown_init,10,1.4,2.17,0,7
bpf_sockmap_iter_init,10,1.4,1.65,0,6
init_fs_exec_sysctls,10,1.3,0.48,1,2
crypto_kfunc_init,10,1.3,2.0,0,5
proc_cpuinfo_init,10,1.2,0.42,1,2
init_ramfs_fs,10,1.2,0.42,1,2
register_arm64_panic_block,10,1.2,0.42,1,2
procswaps_init,10,1.2,0.42,1,2
rsa_init,10,1.2,0.42,1,2
des_generic_mod_init,10,1.2,0.42,1,2
init_rc_map_dreambox,10,1.2,3.46,0,11
proc_interrupts_init,10,1.1,0.32,1,2
proc_version_init,10,1.1,1.37,0,4
proc_kmsg_init,10,1.1,0.32,1,2
ipv4_offload_init,10,1.1,0.32,1,2
timer_led_trigger_init,10,1.1,0.32,1,2
init_rc_map_terratec_slim,10,1.1,3.48,0,11
bpf_map_iter_init,10,1.1,1.45,0,5
bpf_kmem_cache_iter_init,10,1.1,2.33,0,6
bpf_sk_storage_map_iter_init,10,1.1,3.14,0,10
bpf_event_init,10,1,0.0,1,1
init_fs_namespace_sysctls,10,1,0.0,1,1
proc_consoles_init,10,1,0.0,1,1
proc_stat_init,10,1,0.0,1,1
firmware_class_init,10,1,0.0,1,1
proc_vmalloc_init,10,1,0.0,1,1
proc_filesystems_init,10,1,0.0,1,1
dio_init,10,1,0.0,1,1
lzo_mod_init,10,1,0.0,1,1
input_trig_init,10,1,0.0,1,1
ledtrig_panic_init,10,1,0.0,1,1
input_leds_init,10,1,0.0,1,1
init_rc_map_avertv_303,10,1,3.16,0,10
init_rc_map_beelink_mxiii,10,1,3.16,0,10
init_rc_map_terratec_slim_2,10,1,2.83,0,9
smccc_soc_init,10,1,0.47,0,2
kfunc_init,20,1,1.62,0,6
efi_earlycon_unmap_fb,10,1,1.05,0,3
xdp_metadata_init,10,1,2.11,0,5
bpf_prog_test_run_init,10,1,0.0,1,1
bpf_dummy_struct_ops_init,10,1,2.11,0,5
tcp_congestion_default,10,1,0.0,1,1
init_rc_map_beelink_gs1,10,0.9,2.85,0,9
init_rc_map_streamzap,10,0.9,2.85,0,9
proc_softirqs_init,10,0.8,0.92,0,3
audit_watch_init,10,0.8,0.42,0,1
gre_offload_init,10,0.8,1.87,0,6
finalize_pkvm,10,0.6,1.9,0,6
bpf_cgroup_iter_init,10,0.6,1.9,0,6
bpf_kprobe_multi_kfuncs_init,10,0.5,1.58,0,5
unbound_reg_init,10,0.5,1.58,0,5
proc_loadavg_init,10,0.4,0.52,0,1
smccc_devices_init,10,0.4,0.52,0,1
psci_debugfs_init,10,0.4,0.84,0,2
init_vfat_fs,10,0.3,0.48,0,1
cryptomgr_init,10,0.3,0.48,0,1
lzorle_mod_init,10,0.3,0.48,0,1
n_null_init,10,0.3,0.48,0,1
cls_bpf_init_mod,10,0.3,0.48,0,1
proc_devices_init,10,0.2,0.42,0,1
eth_offload_init,10,0.2,0.42,0,1
init_nls_cp437,10,0.2,0.42,0,1
serial8250_init,10,0.2,0.42,0,1
init_rc_map_adstech_dvb_t_pci,10,0.2,0.42,0,1
esrt_sysfs_init,10,0.2,0.63,0,2
check_early_ioremap_leak,10,0.2,0.42,0,1
proc_meminfo_init,10,0.1,0.32,0,1
aa_create_aafs,10,0.1,0.32,0,1
vlan_offload_init,10,0.1,0.32,0,1
init_nfs_v2,10,0.1,0.32,0,1
init_nfs_v3,10,0.1,0.32,0,1
hmac_module_init,10,0.1,0.32,0,1
aes_init,10,0.1,0.32,0,1
oneshot_led_trigger_init,10,0.1,0.32,0,1
init_rc_map_medion_x10_digitainer,10,0.1,0.32,0,1
init_rc_map_pinnacle_pctv_hd,10,0.1,0.32,0,1
init_rc_map_powercolor_real_angel,10,0.1,0.32,0,1
init_rc_map_tbs_nec,10,0.1,0.32,0,1
ptp_kvm_init,10,0.1,0.32,0,1
default_bdi_init,7,0,0.0,0,0
cgwb_init,8,0,0.0,0,0
percpu_enable_async,10,0,0.0,0,0
kcompactd_init,10,0,0.0,0,0
init_mm_sysctl,10,0,0.0,0,0
init_user_reserve,10,0,0.0,0,0
init_admin_reserve,10,0,0.0,0,0
init_reserve_notifier,10,0,0.0,0,0
swap_init,10,0,0.0,0,0
swapfile_init,10,0,0.0,0,0
memory_tier_init,10,0,0.0,0,0
numa_init_sysfs,10,0,0.0,0,0
mem_cgroup_swap_init,10,0,0.0,0,0
init_msg_buckets,10,0,0.0,0,0
init_bio,10,0,0.0,0,0
blk_ioc_init,10,0,0.0,0,0
blk_mq_init,10,0,0.0,0,0
blkcg_punt_bio_init,10,0,0.0,0,0
blk_integrity_auto_init,10,0,0.0,0,0
io_wq_init,10,0,0.0,0,0
crc_t10dif_mod_init,10,0,0.0,0,0
sha256_mod_init,10,0,0.0,0,0
sha512_mod_init,10,0,0.0,0,0
sg_pool_init,10,0,0.0,0,0
gpiolib_debugfs_init,10,0,0.0,0,0
stmpe_gpio_init,10,0,0.0,0,0
pwm_init,10,0,0.0,0,0
leds_init,10,0,0.0,0,0
pci_slot_init,10,0,0.0,0,0
fbmem_init,10,0,0.0,0,0
bcm2835_dma_init,10,0,0.0,0,0
regulator_fixed_voltage_init,10,0,0.0,0,0
gpio_regulator_init,10,0,0.0,0,0
init_sysrq_sysctl,10,0,0.0,0,0
misc_init,10,0,0.0,0,0
iommu_subsys_init,10,0,0.0,0,0
dma_buf_init,10,0,0.0,0,0
dma_heap_init,10,0,0.0,0,0
init_scsi,10,0,0.0,0,0
mdio_bus_init,10,0,0.0,0,0
phy_init,10,0,0.0,0,0
usb_common_init,10,0,0.0,0,0
usb_init,10,0,0.0,0,0
usb_phy_generic_init,10,0,0.0,0,0
usb_udc_init,10,0,0.0,0,0
usb_roles_init,10,0,0.0,0,0
input_init,10,0,0.0,0,0
rtc_init,10,0,0.0,0,0
rc_core_init,10,0,0.0,0,0
pps_init,10,0,0.0,0,0
ptp_init,10,0,0.0,0,0
power_supply_class_init,10,0,0.0,0,0
hwmon_init,10,0,0.0,0,0
mmc_init,10,0,0.0,0,0
dmi_init,10,0,0.0,0,0
efisubsys_init,10,0,0.0,0,0
arm_pmu_hp_init,10,0,0.0,0,0
ras_init,10,0,0.0,0,0
nvmem_init,10,0,0.0,0,0
init_soundcore,10,0,0.0,0,0
proto_init,10,0,0.0,0,0
net_dev_init,10,0,0.0,0,0
neigh_init,10,0,0.0,0,0
fib_notifier_init,10,0,0.0,0,0
netdev_genl_init,10,0,0.0,0,0
page_pool_user_init,10,0,0.0,0,0
fib_rules_init,10,0,0.0,0,0
init_cgroup_netprio,10,0,0.0,0,0
bpf_lwt_init,10,0,0.0,0,0
pktsched_init,10,0,0.0,0,0
tc_filter_init,10,0,0.0,0,0
tc_action_init,10,0,0.0,0,0
ethnl_init,10,0,0.0,0,0
nexthop_init,10,0,0.0,0,0
devlink_init,10,0,0.0,0,0
wireless_nlevent_init,10,0,0.0,0,0
vsprintf_init_hashval,10,0,0.0,0,0
init_32bit_el0_mask,10,0,0.0,0,0
vga_arb_device_init,10,0,0.0,0,0
create_debug_debugfs_entry,10,0,0.0,0,0
iomem_init_inode,10,0,0.0,0,0
aarch32_el0_sysfs_init,10,0,0.0,0,0
psi_proc_init,10,0,0.0,0,0
irq_gc_init_ops,10,0,0.0,0,0
timekeeping_init_ops,10,0,0.0,0,0
sched_clock_syscore_init,10,0,0.0,0,0
audit_fsnotify_init,10,0,0.0,0,0
mm_compute_batch_init,10,0,0.0,0,0
zs_init,10,0,0.0,0,0
init_msdos_fs,10,0,0.0,0,0
init_nls_ascii,10,0,0.0,0,0
bpf_crypto_skcipher_init,10,0,0.0,0,0
crypto_ecb_module_init,10,0,0.0,0,0
crypto_cbc_module_init,10,0,0.0,0,0
crypto_cts_module_init,10,0,0.0,0,0
xts_module_init,10,0,0.0,0,0
crypto_kdf108_init,10,0,0.0,0,0
bl_led_trigger_init,10,0,0.0,0,0
phylink_init,10,0,0.0,0,0
usbnet_init,10,0,0.0,0,0
evdev_init,10,0,0.0,0,0
init_rc_map_alink_dtu_m,10,0,0.0,0,0
init_rc_map_anysee,10,0,0.0,0,0
init_rc_map_apac_viewcomp,10,0,0.0,0,0
init_rc_map_t2hybrid,10,0,0.0,0,0
init_rc_map_asus_pc39,10,0,0.0,0,0
init_rc_map_asus_ps3_100,10,0,0.0,0,0
init_rc_map_ati_tv_wonder_hd_600,10,0,0.0,0,0
init_rc_map_ati_x10,10,0,0.0,0,0
init_rc_map_avermedia_a16d,10,0,0.0,0,0
init_rc_map_avermedia_cardbus,10,0,0.0,0,0
init_rc_map_avermedia_dvbt,10,0,0.0,0,0
init_rc_map_avermedia_m135a,10,0,0.0,0,0
init_rc_map_avermedia_m733a_rm_k6,10,0,0.0,0,0
init_rc_map_avermedia,10,0,0.0,0,0
init_rc_map_avermedia_rm_ks,10,0,0.0,0,0
init_rc_map_azurewave_ad_tu700,10,0,0.0,0,0
init_rc_map_behold_columbus,10,0,0.0,0,0
init_rc_map_budget_ci_old,10,0,0.0,0,0
init_rc_map_cinergy,10,0,0.0,0,0
init_rc_map_d680_dmb,10,0,0.0,0,0
init_rc_map_rc5_dvbsky,10,0,0.0,0,0
init_rc_map_dvico_mce,10,0,0.0,0,0
init_rc_map_em_terratec,10,0,0.0,0,0
init_rc_map_encore_enltv2,10,0,0.0,0,0
init_rc_map_encore_enltv_fm53,10,0,0.0,0,0
init_rc_map_encore_enltv,10,0,0.0,0,0
init_rc_map_evga_indtube,10,0,0.0,0,0
init_rc_map_eztv,10,0,0.0,0,0
init_rc_map_flydvb,10,0,0.0,0,0
init_rc_map_flyvideo,10,0,0.0,0,0
init_rc_map_fusionhdtv_mce,10,0,0.0,0,0
init_rc_map_gadmei_rm008z,10,0,0.0,0,0
init_rc_map_geekbox,10,0,0.0,0,0
init_rc_map_genius_tvgo_a11mce,10,0,0.0,0,0
init_rc_map_gotview7135,10,0,0.0,0,0
init_rc_map_rc5_hauppauge_new,10,0,0.0,0,0
init_rc_map_hisi_poplar,10,0,0.0,0,0
init_rc_map_hisi_tv_demo,10,0,0.0,0,0
init_rc_map_imon_mce,10,0,0.0,0,0
init_rc_map_imon_pad,10,0,0.0,0,0
init_rc_map_imon_rsc,10,0,0.0,0,0
init_rc_it913x_v1_map,10,0,0.0,0,0
init_rc_it913x_v2_map,10,0,0.0,0,0
init_rc_map_kaiomy,10,0,0.0,0,0
init_rc_map_khadas,10,0,0.0,0,0
init_rc_map_khamsin,10,0,0.0,0,0
init_rc_map_kworld_pc150u,10,0,0.0,0,0
init_rc_map_kworld_plus_tv_analog,10,0,0.0,0,0
init_rc_map_leadtek_y04g0051,10,0,0.0,0,0
init_rc_lme2510_map,10,0,0.0,0,0
init_rc_map_manli,10,0,0.0,0,0
init_rc_map_mecool_kiii_pro,10,0,0.0,0,0
init_rc_map_mecool_kii_pro,10,0,0.0,0,0
init_rc_map_medion_x10,10,0,0.0,0,0
init_rc_map_medion_x10_or2x,10,0,0.0,0,0
init_rc_map_minix_neo,10,0,0.0,0,0
init_rc_map_msi_digivox_iii,10,0,0.0,0,0
init_rc_map_msi_digivox_ii,10,0,0.0,0,0
init_rc_map_msi_tvanywhere,10,0,0.0,0,0
init_rc_map_msi_tvanywhere_plus,10,0,0.0,0,0
init_rc_map_mygica_utv3,10,0,0.0,0,0
init_rc_map_nebula,10,0,0.0,0,0
init_rc_map_nec_terratec_cinergy_xs,10,0,0.0,0,0
init_rc_map_norwood,10,0,0.0,0,0
init_rc_map_odroid,10,0,0.0,0,0
init_rc_map_pctv_sedna,10,0,0.0,0,0
init_rc_map_pinnacle_color,10,0,0.0,0,0
init_rc_map_pinnacle_grey,10,0,0.0,0,0
init_rc_map_pixelview_new,10,0,0.0,0,0
init_rc_map_proteus_2309,10,0,0.0,0,0
init_rc_map_purpletv,10,0,0.0,0,0
init_rc_map_pv951,10,0,0.0,0,0
init_rc_map_rc6_mce,10,0,0.0,0,0
init_rc_map_real_audio_220_32_keys,10,0,0.0,0,0
init_rc_map_reddo,10,0,0.0,0,0
init_rc_map_siemens_gigaset_rc20,10,0,0.0,0,0
init_rc_map_snapstream_firefly,10,0,0.0,0,0
init_rc_map_su3000,10,0,0.0,0,0
init_rc_map_tanix_tx3mini,10,0,0.0,0,0
init_rc_map_tanix_tx5max,10,0,0.0,0,0
init_rc_map_terratec_cinergy_c_pci,10,0,0.0,0,0
init_rc_map_terratec_cinergy_s2_hd,10,0,0.0,0,0
init_rc_map_tevii_nec,10,0,0.0,0,0
init_rc_map_tivo,10,0,0.0,0,0
init_rc_map_total_media_in_hand_02,10,0,0.0,0,0
init_rc_map_total_media_in_hand,10,0,0.0,0,0
init_rc_map_trekstor,10,0,0.0,0,0
init_rc_map_tt_1500,10,0,0.0,0,0
init_rc_map_twinhan_vp1027,10,0,0.0,0,0
init_rc_map_twinhan_dtv_cab_ci,10,0,0.0,0,0
init_rc_map_vega_s9x,10,0,0.0,0,0
init_rc_map_videomate_k100,10,0,0.0,0,0
init_rc_map_videomate_s350,10,0,0.0,0,0
init_rc_map_videomate_tv_pvr,10,0,0.0,0,0
init_rc_map_kii_pro,10,0,0.0,0,0
init_rc_map_wetek_hub,10,0,0.0,0,0
init_rc_map_winfast,10,0,0.0,0,0
init_rc_map_zx_irdec,10,0,0.0,0,0
check_mmu_enabled_at_boot,10,0,0.0,0,0
rqspinlock_register_kfuncs,10,0,0.0,0,0
dmabuf_iter_init,10,0,0.0,0,0
max_swapfiles_check,10,0,0.0,0,0
blk_timeout_init,10,0,0.0,0,0
udp_bpf_v4_build_proto,10,0,0.0,0,0
