Iteration,Kernel_Sec,Userspace_Sec,Total_Sec,Target_Name,Target_Sec
1,1.063,18.56,19.624,graphical.target,13.02
2,1.065,18.832,19.898,graphical.target,13.366
3,1.067,18.793,19.86,graphical.target,13.266
4,1.065,18.806,19.872,graphical.target,13.399
5,1.079,18.804,19.884,graphical.target,13.331
6,1.072,18.684,19.757,graphical.target,13.253
7,1.073,18.995,20.068,graphical.target,13.383
8,1.07,18.759,19.83,graphical.target,13.354
9,1.069,18.93,20.0,graphical.target,13.32
10,1.067,18.753,19.82,graphical.target,13.295
