name,n_runs,mean_duration_us,stdev_duration_us,min_duration_us,max_duration_us
bcmgenet_driver_init,10,205117,2161.67,202667,209798
xhci_pci_init,10,170119.2,947.83,169275,171934
brcm_pcie_driver_init,10,112090,95.27,111938,112208
deferred_probe_initcall,10,110246.1,12683.08,90676,120738
vchiq_driver_init,10,73412.9,1324.18,71999,75992
simplefb_driver_init,10,26023.6,40.62,25982,26090
of_platform_default_populate_init,10,23200,1686.55,20000,24000
raspberrypi_clk_driver_init,10,15391.2,24.71,15339,15418
dwc_otg_driver_init,10,11036.6,173.39,10825,11337
param_sysfs_builtin_init,10,9445.4,37.86,9393,9530
rpi_otp_driver_init,10,8651.8,109.86,8493,8867
brd_init,10,6362,75.9,6258,6477
armv8_pmu_driver_init,10,6264.5,106.26,6100,6443
clk_disable_unused,10,6247.2,72.7,6070,6348
raspberrypi_cpufreq_driver_init,10,6208.2,117.92,6021,6405
memory_tier_late_init,10,5545.3,90.53,5372,5688
fscrypt_init,10,5543.8,92.45,5414,5704
sdhci_drv_init,10,5450.9,84.51,5288,5602
loop_init,10,5203.5,71.7,5076,5327
of_cfs_init,10,5193.6,56.48,5134,5309
inet_init,10,3957.1,112.46,3743,4149
slab_sysfs_init,10,3824,34.8,3774,3885
kvm_arm_init,10,3553.2,64.26,3435,3628
blkcg_punt_bio_init,10,3200,1686.55,0,4000
mousedev_init,10,3004.1,157.41,2873,3421
bcm2711_thermal_driver_init,10,2990.7,62.34,2846,3076
vcio_driver_init,10,2919.5,61.61,2783,3014
smsc95xx_driver_init,10,2885.4,39.26,2857,2969
chr_dev_init,10,2867.8,64.31,2778,2964
lan78xx_driver_init,10,2860.7,35.45,2833,2926
uas_init,10,2854,42.16,2812,2919
dwc_common_port_init_module,10,2850.3,50.15,2803,2951
iscsi_transport_init,10,2821.3,64.15,2665,2901
bcm2835_mmc_driver_init,10,2787.9,63.99,2646,2877
taskstats_init,10,2762.3,29.99,2743,2844
bcm2835_pm_driver_init,10,2748.1,71.24,2570,2843
packet_init,10,2747.7,63.99,2596,2836
sdhci_pltfm_drv_init,10,2744.3,58.8,2642,2845
usb_storage_driver_init,10,2732,66.35,2583,2836
load_system_certificate_list,10,2728,33.11,2692,2789
init_dns_resolver,10,2727.6,31.89,2658,2787
genpd_power_off_unused,10,2605.7,65.44,2478,2719
gpio_led_driver_init,10,1756.9,22.26,1713,1788
rpi_power_driver_init,10,1316,23.51,1274,1357
bcm2835_pinctrl_driver_init,10,853.7,64.98,808,1014
simple_pm_bus_driver_init,10,597,61.41,485,655
clk_debug_init,10,405.2,14.09,385,438
blk_integrity_auto_init,10,400,1264.91,0,4000
register_cpu_capacity_sysctl,10,400,1264.91,0,4000
rpi_exp_gpio_driver_init,10,380.7,31.76,357,469
init_sunrpc,10,372.2,25.5,335,407
genpd_debug_init,10,354.3,12.59,338,376
brcmstb_l2_driver_init,10,285.8,15.43,262,306
iproc_rng200_driver_init,10,275.5,10.09,264,296
nvme_core_init,10,265.1,6.98,257,280
cacheinfo_sysfs_init,10,247.9,6.59,235,257
kswapd_init,10,187.6,14.03,165,214
fixed_mdio_bus_init,10,159.1,6.87,153,172
actpwr_trig_init,10,158.9,22.35,130,208
cpu_latency_qos_init,10,157,8.71,147,174
clk_dvp_driver_init,10,147.2,4.05,141,153
dwc2_platform_driver_init,10,143.5,14.75,136,185
init_nfs_fs,10,142.3,10.99,134,172
unimac_mdio_driver_init,10,135.5,5.46,126,146
vc_mem_init,10,131.5,6.5,125,143
init_f2fs_fs,10,127.3,4.72,122,135
xhci_plat_init,10,125.9,2.96,120,131
bcm74110_mbox_driver_init,10,121.4,39.42,92,198
phy_module_init,50,120.24,65.44,18,181
bpf_global_ma_init,10,113.6,8.24,99,126
clockevents_init_sysfs,10,112.9,6.95,108,132
macb_driver_init,10,110.9,3.38,108,118
rpi_reset_driver_init,10,108.6,1.78,106,111
gpio_poweroff_driver_init,10,101.4,6.57,95,115
system_heap_create,10,97.6,3.13,93,103
init_kgdboc,10,97.5,2.88,94,103
cpuinfo_regs_init,10,92.2,5.88,84,104
dquot_init,10,91.4,7.65,79,105
of_platform_serial_driver_init,10,89,2.83,86,94
ext4_init_fs,10,88.5,21.57,78,147
bcmasp_driver_init,10,87.5,2.46,83,92
gicv5_iwb_platform_driver_init,10,87.2,2.62,85,94
sched_init_debug,10,87.1,6.49,78,96
pty_init,10,86.3,5.27,77,95
add_default_cma_heap,10,85.9,2.47,83,92
init_autofs_fs,10,85.6,5.1,79,94
brcmstb_waketmr_driver_init,10,81.9,5.72,73,88
brcmstb_usb_pinmap_init,10,79.7,3.8,76,89
mmc_pwrseq_simple_driver_init,10,79.3,5.21,74,91
reset_simple_driver_init,10,77.4,1.58,76,81
irq_debugfs_init,10,77.1,2.33,74,82
sdhci_iproc_driver_init,10,74.4,3.1,70,79
binder_init,10,74.1,17.39,55,120
sysctl_ipv4_init,10,73.3,3.74,66,77
throtl_init,10,71.7,4.81,66,80
dwc3_driver_init,10,68.5,5.38,61,80
init_clocksource_sysfs,10,66.5,22.8,55,131
brcm_usb_driver_init,10,65.7,3.59,60,72
topology_sysfs_init,10,63.5,3.95,60,71
bcm2708_fb_init,10,63.3,2.26,59,66
sdhci_brcmstb_driver_init,10,62.6,2.46,60,68
bcm2835_aux_clk_driver_init,10,62.4,1.17,60,64
dwc3_of_simple_driver_init,10,61.1,2.51,58,65
ttyprintk_init,10,60.8,9.19,46,73
ledtrig_cpu_init,10,60.6,10.51,50,79
bcm2835_thermal_driver_init,10,60.5,2.12,58,64
alarmtimer_init,10,59.4,3.03,55,65
pcie_portdrv_init,10,57.8,4.78,53,69
hid_init,20,55.95,8.41,42,69
bcm2835_rng_driver_init,10,55,0.94,54,57
bcm2712_pinctrl_driver_init,10,54.1,2.33,51,59
perf_event_sysfs_init,10,51.9,0.88,51,53
brcmuart_init,10,51.9,1.37,50,55
bdc_driver_init,10,47.9,2.18,45,52
dw_driver_init,10,47.8,1.48,46,50
bcm2712_iommu_driver_init,10,47.6,2.84,44,54
hwrng_modinit,10,46.4,2.88,43,52
led_pwm_driver_init,10,46.2,2.86,42,52
udmabuf_dev_init,10,44.5,2.22,42,48
bcm2835_driver_init,10,43.3,2.45,41,49
percpu_counter_startup,10,42.3,4.57,34,48
brcm_avs_cpufreq_platdrv_init,10,41.9,2.28,40,47
rpi_rtc_driver_init,10,41.7,0.67,41,43
bcm2712_iommu_cache_driver_init,10,41.4,2.67,39,46
hid_generic_init,10,41.2,4.66,35,48
gpio_clk_driver_init,10,40.6,0.84,40,42
mmc_pwrseq_emmc_driver_init,10,40.6,3.86,38,51
bcm2835aux_serial_driver_init,10,40,1.41,38,43
of_fixed_factor_clk_driver_init,10,39.7,2.06,37,43
aio_setup,10,39.4,4.17,34,50
dwc3_generic_driver_init,10,39.4,0.7,39,41
brcmstb_reset_driver_init,10,39.2,0.79,38,40
bcm7120_l2_driver_init,10,38.7,1.25,37,41
arch_timer_mmio_drv_init,10,37.8,2.3,35,43
handshake_init,10,37.7,8.07,33,60
init_mqueue_fs,10,37.6,1.43,36,40
brcmstb_pwm_driver_init,10,36.4,1.35,35,38
brcmvirt_gpio_driver_init,10,36.3,1.57,35,39
mmc_blk_init,10,36.3,4.5,30,43
brcmstb_gpio_driver_init,10,36.2,4.83,33,47
bcm74110_rng_driver_init,10,36.2,1.14,35,38
brcm_rescal_reset_driver_init,10,35.7,1.25,35,39
rp1_clk_driver_init,10,34.7,2.11,33,39
rp1_sdio_clk_driver_init,10,34.2,2.15,33,40
sock_diag_init,10,34.1,8.84,24,46
rp1_pwm_driver_init,10,34,1.49,33,37
mip_msi_driver_init,10,33.9,0.88,33,35
gated_fixed_clk_driver_init,10,33.9,1.6,33,38
bcm7038_l1_driver_init,10,33.4,0.7,33,35
of_fixed_clk_driver_init,10,33.2,0.92,32,35
init_root_keyring,10,32.5,1.84,30,36
rp1_pinctrl_driver_init,10,32.4,0.52,32,33
defon_led_trigger_init,10,31.5,0.97,30,33
of_fdt_raw_init,10,31.5,1.51,29,34
serial_pci_driver_init,10,30,3.94,26,40
init_nfs_v4,10,29.9,1.91,27,33
nvme_init,10,29.8,2.1,28,34
dwc3_haps_driver_init,10,29.5,2.01,26,32
reboot_ksysfs_init,10,29.4,4.01,24,38
af_unix_init,10,29.1,12.89,20,64
rp1_driver_init,10,28.4,2.27,26,32
sysctl_core_init,10,28,4.24,23,39
cpuhp_sysfs_init,10,28,2.67,23,31
init_nlm,10,27.6,0.7,27,29
bcm2835_wdt_driver_init,10,27.6,0.84,26,29
iomap_ioend_init,10,27,4.62,21,33
dt_cpufreq_platdrv_init,10,26.1,0.88,25,28
amba_stub_drv_init,10,25.9,4.31,21,33
exar_pci_driver_init,10,25.1,1.66,24,29
smccc_trng_driver_init,10,24.8,1.32,23,27
init_sd,10,24.5,1.18,23,27
bcm2835_power_driver_init,10,23.7,1.57,22,27
pid_namespaces_init,10,22.9,3.14,20,30
arch_timer_mmio_acpi_drv_init,10,22.7,0.48,22,23
mempolicy_sysfs_init,10,22.5,5.76,15,33
iomap_dio_init,10,22.1,0.57,21,23
io_uring_init,10,21.8,2.15,17,24
printk_late_init,10,19.7,2.71,18,25
init_lru_gen,10,19.1,1.6,16,21
blackhole_netdev_init,10,19,3.3,16,26
init_rpcsec_gss,10,19,2.16,16,23
bfq_init,10,18.9,0.32,18,19
ipc_sysctl_init,10,18.7,1.77,16,21
pericom8250_pci_driver_init,10,18.2,1.81,16,22
mg_debugfs_init,10,18.1,1.29,16,20
of_platform_sync_state_init,10,18,2.87,16,26
init_fs_stat_sysctls,10,17.1,22.47,9,81
integrity_fs_init,10,16.5,9.35,8,29
eventpoll_init,10,16,1.49,14,18
stmpe_spi_driver_init,10,15.9,5.84,11,28
bsg_init,10,15.4,0.84,14,17
clocksource_done_booting,10,15.1,5.38,12,30
init_pipe_fs,10,15,7.29,11,35
journal_init,10,15,0.67,14,16
debugfs_kprobe_init,10,14.9,7.43,8,25
stmpe_i2c_driver_init,10,14.8,1.03,13,16
system_trusted_keyring_init,10,14.7,0.95,13,16
sysrq_init,10,14.6,1.43,12,17
random_sysctls_init,10,14.6,2.95,12,22
dnotify_init,10,14.3,0.82,13,15
extcon_class_init,10,14.2,5.41,9,22
inotify_user_setup,10,14.1,1.1,12,16
xhci_hcd_init,10,14.1,3.57,12,24
swiotlb_create_default_debugfs,10,14,5.96,9,29
secretmem_init,10,13.7,3.13,10,20
ipc_init,10,13.7,1.34,12,16
kernel_panic_sysctls_init,10,13.4,5.87,10,30
phy_core_init,10,13.3,1.95,10,15
pci_sysfs_init,10,12.7,1.89,10,17
pci_apply_final_quirks,10,12,0.94,10,13
blkdev_init,10,11.9,0.99,10,13
ip_auto_config,10,11.9,1.73,10,15
devcoredump_init,10,11,1.33,10,14
pstore_init,10,10.9,1.29,9,14
anon_inode_init,10,10.6,1.65,9,14
pci_proc_init,10,9.7,2.41,7,15
fanotify_user_setup,10,9.6,0.7,8,10
crypto_algapi_init,10,9,0.94,8,11
cpumask_kfunc_init,10,8.7,2.11,6,13
inet_blackhole_dev_init,10,8.2,1.75,6,12
init_devpts_fs,10,8.1,1.1,7,10
timer_sysctl_init,10,8,0.94,7,9
extfrag_debug_init,10,8,1.7,7,12
workingset_init,10,7.9,0.57,7,9
depot_debugfs_init,10,7.6,1.58,6,10
init_fs_dcache_sysctls,10,7.1,0.32,7,8
populate_rootfs,10,7.1,0.88,6,8
netkit_init,10,6.8,1.55,5,10
sched_core_sysctl_init,10,6.7,2.26,4,10
utsname_sysctl_init,10,6.5,0.71,6,8
init_fs_coredump_sysctls,10,6.4,0.84,5,8
init_kerberos_module,10,6.4,1.51,5,10
nfs4filelayout_init,10,6.1,0.32,6,7
nfs4flexfilelayout_init,10,6.1,0.32,6,7
pci_resource_alignment_sysfs_init,10,5.7,1.06,5,8
register_warn_debugfs,10,5.6,6.5,3,24
kernel_do_mounts_initrd_sysctls_init,10,5.6,1.43,4,9
bpf_init,10,5.4,1.26,5,9
memblock_init_debugfs,10,5.4,0.84,4,7
deadline_init,10,5.4,0.52,5,6
sched_rt_sysctl_init,10,5.4,4.14,3,16
tk_debug_sleep_time_init,10,5.4,6.28,2,22
init_fat_fs,10,5.3,0.48,5,6
x509_key_init,10,5.3,0.48,5,6
bpf_syscall_sysctl_init,10,5.3,0.48,5,6
mbcache_init,10,5.2,0.42,5,6
sched_dl_sysctl_init,10,5.1,3.73,2,11
kyber_init,10,5,0.0,5,5
slab_debugfs_init,10,4.9,0.88,4,6
start_dirtytime_writeback,10,4.9,1.1,4,7
asymmetric_key_init,10,4.9,0.32,4,5
kernel_panic_sysfs_init,10,4.9,0.74,4,6
fault_around_debugfs,10,4.8,3.85,2,15
seccomp_sysctl_init,10,4.3,1.06,3,6
crypto_sha256_mod_init,10,4.3,0.67,4,6
kernel_rcu_stall_sysfs_init,10,4.2,0.79,3,5
kernel_acct_sysctls_init,10,4.2,2.2,2,10
sched_fair_sysctl_init,10,4,2.79,2,8
cgroup_writeback_init,10,3.9,0.99,3,6
audit_classes_init,10,3.9,0.88,2,5
kernel_delayacct_sysctls_init,10,3.8,0.92,3,5
proc_locks_init,10,3.6,0.7,3,5
proc_execdomains_init,10,3.6,0.7,3,5
procswaps_init,10,3.5,7.91,1,26
init_lstats_procfs,10,3.2,0.42,3,4
ioresources_init,10,3.1,0.57,2,4
dcbnl_init,10,3.1,1.1,2,6
init_vm_drop_caches_sysctls,10,2.8,0.92,2,4
init_fs_namei_sysctls,10,2.7,1.57,2,7
key_proc_init,10,2.6,0.7,2,4
dh_init,10,2.5,0.53,2,3
init_grace,10,2.4,0.52,2,3
fcntl_init,10,2.3,0.48,2,3
cubictcp_register,10,2.3,0.48,2,3
init_trampolines,10,2.3,0.48,2,3
backing_aio_init,10,2.2,0.42,2,3
proc_filesystems_init,10,2.2,1.32,1,4
heartbeat_trig_init,10,2.2,0.63,1,3
kernel_exit_sysctls_init,10,2.2,0.42,2,3
kernel_exit_sysfs_init,10,2.2,0.42,2,3
proc_genhd_init,10,2.1,0.32,2,3
regulator_init_complete,10,2.1,0.88,1,4
proc_page_init,10,2,0.0,2,2
audit_tree_init,10,2,0.0,2,2
btree_module_init,10,2,0.0,2,2
blackhole_init,10,2,2.83,1,10
init_timer_list_procfs,10,1.8,1.23,1,4
vmstat_late_init,10,1.8,0.63,1,3
slab_proc_init,10,1.7,0.48,1,2
bpf_kfunc_init,10,1.7,0.48,1,2
ipv6_offload_init,10,1.6,0.7,1,3
proc_cmdline_init,10,1.5,0.71,1,3
kallsyms_init,10,1.5,0.53,1,2
proc_modules_init,10,1.4,0.52,1,2
tcp_congestion_default,10,1.4,1.26,1,5
proc_softirqs_init,10,1.3,1.49,0,4
input_leds_init,10,1.3,0.48,1,2
bpf_sockmap_iter_init,10,1.3,0.67,0,2
init_fs_exec_sysctls,10,1.2,0.42,1,2
proc_interrupts_init,10,1.2,0.63,1,3
rsa_init,10,1.2,0.42,1,2
des_generic_mod_init,10,1.2,0.42,1,2
task_iter_init,10,1.2,0.42,1,2
proc_cpuinfo_init,10,1.1,0.32,1,2
init_ramfs_fs,10,1.1,0.32,1,2
firmware_class_init,10,1.1,0.32,1,2
ipv4_offload_init,10,1.1,0.32,1,2
dio_init,10,1.1,0.32,1,2
timer_led_trigger_init,10,1.1,0.32,1,2
smccc_soc_init,10,1.1,0.57,0,2
init_srcu_module_notifier,10,1.1,0.57,0,2
init_fs_namespace_sysctls,10,1,0.0,1,1
proc_consoles_init,10,1,0.0,1,1
proc_kmsg_init,10,1,0.0,1,1
proc_vmalloc_init,10,1,0.0,1,1
lzo_mod_init,10,1,0.0,1,1
ledtrig_panic_init,10,1,0.0,1,1
bpf_ksym_iter_register,10,1,0.47,0,2
proc_uptime_init,10,0.9,0.32,0,1
input_trig_init,10,0.8,0.42,0,1
proc_stat_init,10,0.7,0.48,0,1
cryptomgr_init,10,0.7,0.82,0,2
bpf_rstat_kfunc_init,10,0.7,0.67,0,2
kfunc_init,20,0.7,0.8,0,2
bpf_prog_test_run_init,10,0.7,0.48,0,1
sync_state_resume_initcall,10,0.6,0.7,0,2
esrt_sysfs_init,10,0.5,0.53,0,1
smccc_devices_init,10,0.5,0.53,0,1
tcp_bpf_v4_build_proto,10,0.5,0.53,0,1
proc_loadavg_init,10,0.4,0.52,0,1
proc_version_init,10,0.4,0.52,0,1
bpf_map_iter_init,10,0.4,0.52,0,1
mm_compute_batch_init,10,0.3,0.48,0,1
bpf_crypto_skcipher_init,10,0.3,0.67,0,2
cls_bpf_init_mod,10,0.3,0.48,0,1
dmabuf_iter_init,10,0.3,0.95,0,3
register_arm64_panic_block,10,0.2,0.42,0,1
audit_watch_init,10,0.2,0.42,0,1
n_null_init,10,0.2,0.42,0,1
evdev_init,10,0.2,0.42,0,1
bpf_tcp_ca_kfunc_init,10,0.2,0.42,0,1
proc_devices_init,10,0.1,0.32,0,1
proc_meminfo_init,10,0.1,0.32,0,1
eth_offload_init,10,0.1,0.32,0,1
vlan_offload_init,10,0.1,0.32,0,1
init_vfat_fs,10,0.1,0.32,0,1
init_nfs_v3,10,0.1,0.32,0,1
init_nls_cp437,10,0.1,0.32,0,1
hmac_module_init,10,0.1,0.32,0,1
lzorle_mod_init,10,0.1,0.32,0,1
oneshot_led_trigger_init,10,0.1,0.32,0,1
init_rc_map_asus_ps3_100,10,0.1,0.32,0,1
init_rc_map_rc5_hauppauge_new,10,0.1,0.32,0,1
init_rc_map_hisi_poplar,10,0.1,0.32,0,1
init_rc_lme2510_map,10,0.1,0.32,0,1
init_rc_map_streamzap,10,0.1,0.32,0,1
init_rc_map_total_media_in_hand,10,0.1,0.32,0,1
ptp_kvm_init,10,0.1,0.32,0,1
bpf_cgroup_iter_init,10,0.1,0.32,0,1
crypto_kfunc_init,10,0.1,0.32,0,1
init_profile_hash,10,0.1,0.32,0,1
udp_bpf_v4_build_proto,10,0.1,0.32,0,1
dmi_id_init,3,0,0.0,0,0
bcm2835_mbox_init,3,0,0.0,0,0
register_mte_tcf_preferred_sysctl,10,0,0.0,0,0
init_fork_sysctl,10,0,0.0,0,0
uid_cache_init,10,0,0.0,0,0
pid_namespace_sysctl_init,10,0,0.0,0,0
param_sysfs_init,10,0,0.0,0,0
user_namespace_sysctl_init,10,0,0.0,0,0
proc_schedstat_init,10,0,0.0,0,0
init_rtmutex_sysctl,10,0,0.0,0,0
pm_sysrq_init,10,0,0.0,0,0
init_rcu_stall_sysctl,10,0,0.0,0,0
init_module_sysctl,10,0,0.0,0,0
create_proc_profile,10,0,0.0,0,0
cgroup_sysfs_init,10,0,0.0,0,0
user_namespaces_init,10,0,0.0,0,0
hung_task_init,10,0,0.0,0,0
dev_map_init,10,0,0.0,0,0
netns_bpf_init,10,0,0.0,0,0
oom_init,10,0,0.0,0,0
init_user_buckets,10,0,0.0,0,0
init_vm_util_sysctls,10,0,0.0,0,0
default_bdi_init,10,0,0.0,0,0
cgwb_init,10,0,0.0,0,0
percpu_enable_async,10,0,0.0,0,0
kcompactd_init,10,0,0.0,0,0
init_mm_sysctl,10,0,0.0,0,0
init_user_reserve,10,0,0.0,0,0
init_admin_reserve,10,0,0.0,0,0
init_reserve_notifier,10,0,0.0,0,0
swap_init,10,0,0.0,0,0
swapfile_init,10,0,0.0,0,0
memory_tier_init,10,0,0.0,0,0
numa_init_sysfs,10,0,0.0,0,0
mem_cgroup_swap_init,10,0,0.0,0,0
init_msg_buckets,10,0,0.0,0,0
init_bio,10,0,0.0,0,0
blk_ioc_init,10,0,0.0,0,0
blk_mq_init,10,0,0.0,0,0
genhd_device_init,10,0,0.0,0,0
io_wq_init,10,0,0.0,0,0
crc_t10dif_mod_init,10,0,0.0,0,0
sha256_mod_init,10,0,0.0,0,0
sha512_mod_init,10,0,0.0,0,0
sg_pool_init,10,0,0.0,0,0
gpiolib_debugfs_init,10,0,0.0,0,0
stmpe_gpio_init,10,0,0.0,0,0
pwm_init,10,0,0.0,0,0
leds_init,10,0,0.0,0,0
pci_slot_init,10,0,0.0,0,0
fbmem_init,10,0,0.0,0,0
bcm2835_dma_init,10,0,0.0,0,0
regulator_fixed_voltage_init,10,0,0.0,0,0
gpio_regulator_init,10,0,0.0,0,0
init_sysrq_sysctl,10,0,0.0,0,0
misc_init,10,0,0.0,0,0
iommu_subsys_init,10,0,0.0,0,0
dma_buf_init,10,0,0.0,0,0
dma_heap_init,10,0,0.0,0,0
init_scsi,10,0,0.0,0,0
mdio_bus_init,10,0,0.0,0,0
phy_init,10,0,0.0,0,0
usb_common_init,10,0,0.0,0,0
usb_init,10,0,0.0,0,0
usb_phy_generic_init,10,0,0.0,0,0
usb_udc_init,10,0,0.0,0,0
usb_roles_init,10,0,0.0,0,0
input_init,10,0,0.0,0,0
rtc_init,10,0,0.0,0,0
rc_core_init,10,0,0.0,0,0
pps_init,10,0,0.0,0,0
ptp_init,10,0,0.0,0,0
power_supply_class_init,10,0,0.0,0,0
hwmon_init,10,0,0.0,0,0
mmc_init,10,0,0.0,0,0
dmi_init,10,0,0.0,0,0
efisubsys_init,10,0,0.0,0,0
arm_pmu_hp_init,10,0,0.0,0,0
ras_init,10,0,0.0,0,0
nvmem_init,10,0,0.0,0,0
init_soundcore,10,0,0.0,0,0
proto_init,10,0,0.0,0,0
net_dev_init,10,0,0.0,0,0
neigh_init,10,0,0.0,0,0
fib_notifier_init,10,0,0.0,0,0
netdev_genl_init,10,0,0.0,0,0
page_pool_user_init,10,0,0.0,0,0
fib_rules_init,10,0,0.0,0,0
init_cgroup_netprio,10,0,0.0,0,0
bpf_lwt_init,10,0,0.0,0,0
pktsched_init,10,0,0.0,0,0
tc_filter_init,10,0,0.0,0,0
tc_action_init,10,0,0.0,0,0
ethnl_init,10,0,0.0,0,0
nexthop_init,10,0,0.0,0,0
devlink_init,10,0,0.0,0,0
wireless_nlevent_init,10,0,0.0,0,0
vsprintf_init_hashval,10,0,0.0,0,0
init_32bit_el0_mask,10,0,0.0,0,0
vga_arb_device_init,10,0,0.0,0,0
watchdog_init,10,0,0.0,0,0
create_debug_debugfs_entry,10,0,0.0,0,0
iomem_init_inode,10,0,0.0,0,0
aa_create_aafs,10,0,0.0,0,0
aarch32_el0_sysfs_init,10,0,0.0,0,0
psi_proc_init,10,0,0.0,0,0
irq_gc_init_ops,10,0,0.0,0,0
timekeeping_init_ops,10,0,0.0,0,0
sched_clock_syscore_init,10,0,0.0,0,0
audit_fsnotify_init,10,0,0.0,0,0
zs_init,10,0,0.0,0,0
init_msdos_fs,10,0,0.0,0,0
init_nfs_v2,10,0,0.0,0,0
init_nls_ascii,10,0,0.0,0,0
crypto_ecb_module_init,10,0,0.0,0,0
crypto_cbc_module_init,10,0,0.0,0,0
crypto_cts_module_init,10,0,0.0,0,0
xts_module_init,10,0,0.0,0,0
aes_init,10,0,0.0,0,0
crypto_kdf108_init,10,0,0.0,0,0
bl_led_trigger_init,10,0,0.0,0,0
serial8250_init,10,0,0.0,0,0
phylink_init,10,0,0.0,0,0
usbnet_init,10,0,0.0,0,0
init_rc_map_adstech_dvb_t_pci,10,0,0.0,0,0
init_rc_map_alink_dtu_m,10,0,0.0,0,0
init_rc_map_anysee,10,0,0.0,0,0
init_rc_map_apac_viewcomp,10,0,0.0,0,0
init_rc_map_t2hybrid,10,0,0.0,0,0
init_rc_map_asus_pc39,10,0,0.0,0,0
init_rc_map_ati_tv_wonder_hd_600,10,0,0.0,0,0
init_rc_map_ati_x10,10,0,0.0,0,0
init_rc_map_avermedia_a16d,10,0,0.0,0,0
init_rc_map_avermedia_cardbus,10,0,0.0,0,0
init_rc_map_avermedia_dvbt,10,0,0.0,0,0
init_rc_map_avermedia_m135a,10,0,0.0,0,0
init_rc_map_avermedia_m733a_rm_k6,10,0,0.0,0,0
init_rc_map_avermedia,10,0,0.0,0,0
init_rc_map_avermedia_rm_ks,10,0,0.0,0,0
init_rc_map_avertv_303,10,0,0.0,0,0
init_rc_map_azurewave_ad_tu700,10,0,0.0,0,0
init_rc_map_beelink_gs1,10,0,0.0,0,0
init_rc_map_beelink_mxiii,10,0,0.0,0,0
init_rc_map_behold_columbus,10,0,0.0,0,0
init_rc_map_behold,10,0,0.0,0,0
init_rc_map_budget_ci_old,10,0,0.0,0,0
init_rc_map_cinergy_1400,10,0,0.0,0,0
init_rc_map_cinergy,10,0,0.0,0,0
init_rc_map_ct_90405,10,0,0.0,0,0
init_rc_map_d680_dmb,10,0,0.0,0,0
init_rc_map_delock_61959,10,0,0.0,0,0
init_rc_map,60,0,0.0,0,0
init_rc_map_digitalnow_tinytwin,10,0,0.0,0,0
init_rc_map_digittrade,10,0,0.0,0,0
init_rc_map_dm1105_nec,10,0,0.0,0,0
init_rc_map_dntv_live_dvb_t,10,0,0.0,0,0
init_rc_map_dntv_live_dvbt_pro,10,0,0.0,0,0
init_rc_map_dreambox,10,0,0.0,0,0
init_rc_map_dtt200u,10,0,0.0,0,0
init_rc_map_rc5_dvbsky,10,0,0.0,0,0
init_rc_map_dvico_mce,10,0,0.0,0,0
init_rc_map_dvico_portable,10,0,0.0,0,0
init_rc_map_em_terratec,10,0,0.0,0,0
init_rc_map_encore_enltv2,10,0,0.0,0,0
init_rc_map_encore_enltv_fm53,10,0,0.0,0,0
init_rc_map_encore_enltv,10,0,0.0,0,0
init_rc_map_evga_indtube,10,0,0.0,0,0
init_rc_map_eztv,10,0,0.0,0,0
init_rc_map_flydvb,10,0,0.0,0,0
init_rc_map_flyvideo,10,0,0.0,0,0
init_rc_map_fusionhdtv_mce,10,0,0.0,0,0
init_rc_map_gadmei_rm008z,10,0,0.0,0,0
init_rc_map_geekbox,10,0,0.0,0,0
init_rc_map_genius_tvgo_a11mce,10,0,0.0,0,0
init_rc_map_gotview7135,10,0,0.0,0,0
init_rc_map_hisi_tv_demo,10,0,0.0,0,0
init_rc_map_imon_mce,10,0,0.0,0,0
init_rc_map_imon_pad,10,0,0.0,0,0
init_rc_map_imon_rsc,10,0,0.0,0,0
init_rc_map_iodata_bctv7e,10,0,0.0,0,0
init_rc_it913x_v1_map,10,0,0.0,0,0
init_rc_it913x_v2_map,10,0,0.0,0,0
init_rc_map_kaiomy,10,0,0.0,0,0
init_rc_map_khadas,10,0,0.0,0,0
init_rc_map_khamsin,10,0,0.0,0,0
init_rc_map_kworld_315u,10,0,0.0,0,0
init_rc_map_kworld_pc150u,10,0,0.0,0,0
init_rc_map_kworld_plus_tv_analog,10,0,0.0,0,0
init_rc_map_leadtek_y04g0051,10,0,0.0,0,0
init_rc_map_manli,10,0,0.0,0,0
init_rc_map_mecool_kiii_pro,10,0,0.0,0,0
init_rc_map_mecool_kii_pro,10,0,0.0,0,0
init_rc_map_medion_x10_digitainer,10,0,0.0,0,0
init_rc_map_medion_x10,10,0,0.0,0,0
init_rc_map_medion_x10_or2x,10,0,0.0,0,0
init_rc_map_minix_neo,10,0,0.0,0,0
init_rc_map_msi_digivox_iii,10,0,0.0,0,0
init_rc_map_msi_digivox_ii,10,0,0.0,0,0
init_rc_map_msi_tvanywhere,10,0,0.0,0,0
init_rc_map_msi_tvanywhere_plus,10,0,0.0,0,0
init_rc_map_mygica_utv3,10,0,0.0,0,0
init_rc_map_nebula,10,0,0.0,0,0
init_rc_map_nec_terratec_cinergy_xs,10,0,0.0,0,0
init_rc_map_norwood,10,0,0.0,0,0
init_rc_map_npgtech,10,0,0.0,0,0
init_rc_map_odroid,10,0,0.0,0,0
init_rc_map_pctv_sedna,10,0,0.0,0,0
init_rc_map_pine64,10,0,0.0,0,0
init_rc_map_pinnacle_color,10,0,0.0,0,0
init_rc_map_pinnacle_grey,10,0,0.0,0,0
init_rc_map_pinnacle_pctv_hd,10,0,0.0,0,0
init_rc_map_pixelview,30,0,0.0,0,0
init_rc_map_pixelview_new,10,0,0.0,0,0
init_rc_map_powercolor_real_angel,10,0,0.0,0,0
init_rc_map_proteus_2309,10,0,0.0,0,0
init_rc_map_purpletv,10,0,0.0,0,0
init_rc_map_pv951,10,0,0.0,0,0
init_rc_map_rc6_mce,10,0,0.0,0,0
init_rc_map_real_audio_220_32_keys,10,0,0.0,0,0
init_rc_map_reddo,10,0,0.0,0,0
init_rc_map_siemens_gigaset_rc20,10,0,0.0,0,0
init_rc_map_snapstream_firefly,10,0,0.0,0,0
init_rc_map_su3000,10,0,0.0,0,0
init_rc_map_tanix_tx3mini,10,0,0.0,0,0
init_rc_map_tanix_tx5max,10,0,0.0,0,0
init_rc_map_tbs_nec,10,0,0.0,0,0
init_rc_map_terratec_cinergy_c_pci,10,0,0.0,0,0
init_rc_map_terratec_cinergy_s2_hd,10,0,0.0,0,0
init_rc_map_terratec_cinergy_xs,10,0,0.0,0,0
init_rc_map_terratec_slim_2,10,0,0.0,0,0
init_rc_map_terratec_slim,10,0,0.0,0,0
init_rc_map_tevii_nec,10,0,0.0,0,0
init_rc_map_tivo,10,0,0.0,0,0
init_rc_map_total_media_in_hand_02,10,0,0.0,0,0
init_rc_map_trekstor,10,0,0.0,0,0
init_rc_map_tt_1500,10,0,0.0,0,0
init_rc_map_twinhan_vp1027,10,0,0.0,0,0
init_rc_map_twinhan_dtv_cab_ci,10,0,0.0,0,0
init_rc_map_vega_s9x,10,0,0.0,0,0
init_rc_map_videomate_k100,10,0,0.0,0,0
init_rc_map_videomate_s350,10,0,0.0,0,0
init_rc_map_videomate_tv_pvr,10,0,0.0,0,0
init_rc_map_kii_pro,10,0,0.0,0,0
init_rc_map_wetek_hub,10,0,0.0,0,0
init_rc_map_wetek_play2,10,0,0.0,0,0
init_rc_map_winfast,10,0,0.0,0,0
init_rc_map_winfast_usbii_deluxe,10,0,0.0,0,0
init_rc_map_x96max,10,0,0.0,0,0
init_rc_map_zx_irdec,10,0,0.0,0,0
gre_offload_init,10,0,0.0,0,0
check_mmu_enabled_at_boot,10,0,0.0,0,0
finalize_pkvm,10,0,0.0,0,0
unbound_reg_init,10,0,0.0,0,0
init_subsystem,20,0,0.0,0,0
bpf_prog_iter_init,10,0,0.0,0,0
bpf_link_iter_init,10,0,0.0,0,0
rqspinlock_register_kfuncs,10,0,0.0,0,0
bpf_kmem_cache_iter_init,10,0,0.0,0,0
max_swapfiles_check,10,0,0.0,0,0
zswap_init,10,0,0.0,0,0
check_early_ioremap_leak,10,0,0.0,0,0
blk_timeout_init,10,0,0.0,0,0
efi_shutdown_init,10,0,0.0,0,0
efi_earlycon_unmap_fb,10,0,0.0,0,0
psci_debugfs_init,10,0,0.0,0,0
xdp_metadata_init,10,0,0.0,0,0
bpf_sk_storage_map_iter_init,10,0,0.0,0,0
bpf_dummy_struct_ops_init,10,0,0.0,0,0
bpf_mptcp_kfunc_init,10,0,0.0,0,0
fb_logo_late_init,10,0,0.0,0,0
iommu_dma_init,2,0,0.0,0,0
